{
  "accuracy": 0.8,
  "roc_auc": 0.6590005302226936,
  "average_precision": 0.8559691800613114
}